market_id,slug,question,n_outcomes
521532,starmer-out-in-2025-873,Starmer out in 2025?,1
597967,starmer-out-by-june-30-2026-862-594-548-219-739,"Starmer out by June 30, 2026?",1
666655,starmer-out-by-december-31-2026-936-416-977-234-134-475-773,"Starmer out by December 31, 2026?",1
1336699,starmer-out-by-february-28-2026-352-692,"Starmer out by February 28, 2026?",1
1359701,starmer-out-by-march-31-2026,"Starmer out by March 31, 2026?",1
1500922,starmer-out-by-april-30-2026,"Starmer out by April 30, 2026?",1
2002685,starmer-out-by-may-15-2026,"Starmer out by May 15, 2026?",1
2231205,starmer-out-by-may-31-2026,"Starmer out by May 31, 2026?",1
2251595,starmer-out-by-may-19-2026,"Starmer out by May 19, 2026?",1
2365093,starmer-out-by-july-31-2026,"Starmer out by July 31, 2026?",1
2365092,starmer-out-by-june-15-2026,"Starmer out by June 15, 2026?",1
2128535,epstein-suicide-note-released-by-may-8,Epstein suicide note released by May 8?,1
2128536,epstein-suicide-note-released-by-may-31,Epstein suicide note released by May 31?,1
1559394,trump-out-as-president-by-june-30,Trump out as President by June 30?,1
689356,epstein-client-list-released-in-2025-372,Epstein client list released in 2025?,1
996893,epstein-client-list-released-by-june-30,Epstein client list released by June 30?,1
2306062,epstein-client-list-released-by-december-31-2026,"Epstein client list released by December 31, 2026?",1
2097472,trump-out-as-president-by-may-31,Trump out as President by May 31?,1
648383,billionaire-one-time-wealth-tax-passes-in-california-election-2026,Billionaire one-time wealth tax passes in California election 2026?,1
562811,jeffrey-epstein-foul-play-confirmed-in-2025,Jeffrey Epstein foul play confirmed in 2025?,1
1057348,jeffrey-epstein-foul-play-confirmed-by-march-31,"Jeffrey Epstein foul play confirmed by March 31, 2026?",1
1057349,jeffrey-epstein-foul-play-confirmed-by-december-31-2026,"Jeffrey Epstein foul play confirmed by December 31, 2026?",1
1046978,will-tim-walz-resign-by-january-31,Will Tim Walz resign by January 31?,1
1046979,will-tim-walz-resign-by-june-30,Will Tim Walz resign by June 30?,1
1066009,will-tim-walz-resign-by-december-31-2026,"Will Tim Walz resign by December 31, 2026?",1
1059772,is-jeffrey-epstein-alive-498,Jeffrey Epstein confirmed to be alive before 2027?,1
517231,macron-out-in-2025-834,Macron out in 2025?,1
597964,macron-out-by-june-30-2026-273,"Macron out by June 30, 2026?",1
623939,macron-out-by-october-31-2025,"Macron out by October 31, 2025?",1
1420244,kash-patel-out-by-march-31,Kash Patel out by March 31?,1
1420294,kash-patel-out-by-june-30-165-798,Kash Patel out by June 30?,1
1795655,kash-patel-out-by-december-31-191-341,Kash Patel out by December 31?,1
1838758,kash-patel-out-by-april-30-481,Kash Patel out by April 30?,1
2099041,kash-patel-out-by-may-31,Kash Patel out by May 31?,1
948387,will-susie-wiles-leave-the-trump-administration-before-2027,Will Susie Wiles leave the Trump administration before 2027?,1
948610,will-dan-scavino-leave-the-trump-administration-before-2027,Will Dan Scavino leave the Trump administration before 2027?,1
948639,will-david-sacks-leave-the-trump-administration-before-2027,Will David Sacks leave the Trump administration before 2027?,1
948640,will-russell-vought-leave-the-trump-administration-before-2027,Will Russell Vought leave the Trump administration before 2027?,1
948641,will-tom-homan-leave-the-trump-administration-before-2027,Will Tom Homan leave the Trump administration before 2027?,1
948642,will-john-ratcliffe-leave-the-trump-administration-before-2027,Will John Ratcliffe leave the Trump administration before 2027?,1
676450,will-stephen-miller-leave-the-trump-administration-before-2027,Will Stephen Miller leave the Trump administration before 2027?,1
666657,will-robert-f-kennedy-jr-leave-the-trump-administration-before-2027,Will Robert F. Kennedy Jr. leave the Trump administration before 2027?,1
666659,will-pete-hegseth-leave-the-trump-administration-before-2027,Will Pete Hegseth leave the Trump administration before 2027?,1
666661,will-scott-bessent-leave-the-trump-administration-before-2027,Will Scott Bessent leave the Trump administration before 2027?,1
666663,will-pam-bondi-leave-the-trump-administration-before-2027,Will Pam Bondi leave the Trump administration before 2027?,1
666665,will-howard-lutnick-leave-the-trump-administration-before-2027,Will Howard Lutnick leave the Trump administration before 2027?,1
666667,will-kash-patel-leave-the-trump-administration-before-2027,Will Kash Patel leave the Trump administration before 2027?,1
666658,will-karoline-leavitt-leave-the-trump-administration-before-2027,Will Karoline Leavitt leave the Trump administration before 2027?,1
666660,will-marco-rubio-leave-the-trump-administration-before-2027,Will Marco Rubio leave the Trump administration before 2027?,1
666662,will-tulsi-gabbard-leave-the-trump-administration-before-2027,Will Tulsi Gabbard leave the Trump administration before 2027?,1
666664,will-lee-zeldin-leave-the-trump-administration-before-2027,Will Lee Zeldin leave the Trump administration before 2027?,1
666666,will-dan-bongino-leave-the-trump-administration-before-2027,Will Dan Bongino leave the Trump administration before 2027?,1
972263,will-kristi-noem-leave-the-trump-administration-before-2027,Will Kristi Noem leave the Trump administration before 2027?,1
1896597,will-lori-chavez-deremer-leave-the-trump-administration-before-2027,Will Lori Chavez-DeRemer leave the Trump administration before 2027?,1
1117274,insurrection-act-invoked-by-june-30-851-924,Insurrection Act invoked by June 30?,1
1117273,insurrection-act-invoked-by-march-31-346,Insurrection Act invoked by March 31?,1
1117275,insurrection-act-invoked-by-december-31-184-556,Insurrection Act invoked by December 31?,1
1192770,insurrection-act-invoked-by-january-31-674,Insurrection Act invoked by January 31?,1
1632273,insurrection-act-invoked-by-april-30,Insurrection Act invoked by April 30?,1
581639,french-election-called-by-december-31-355-325-146-483-711,French election called by December 31?,1
581644,french-election-called-by-september-15,French election called by September 15?,1
623307,french-election-called-by-october-31-356-981,French election called by October 31?,1
623607,french-election-called-by-october-10,French election called by October 10?,1
623608,french-election-called-by-october-17,French election called by October 17?,1
644804,french-election-called-by-june-30-2026-532,"French election called by June 30, 2026?",1
651769,french-election-called-by-november-30,French election called by November 30?,1
825441,will-derek-grasty-get-the-first-or-second-most-votes-in-the-2026-california-governor-primary-election,Will Derek Grasty advance from the 2026 California Governor primary election?,1
825443,will-xavier-becerra-get-the-first-or-second-most-votes-in-the-2026-california-governor-primary-election,Will Xavier Becerra advance from the 2026 California Governor primary election?,1
825445,will-ian-calderon-get-the-first-or-second-most-votes-in-the-2026-california-governor-primary-election,Will Ian Calderon advance from the 2026 California Governor primary election?,1
825447,will-thunder-parley-get-the-first-or-second-most-votes-in-the-2026-california-governor-primary-election,Will Thunder Parley advance from the 2026 California Governor primary election?,1
825449,will-raji-rab-get-the-first-or-second-most-votes-in-the-2026-california-governor-primary-election,Will Raji Rab advance from the 2026 California Governor primary election?,1
825451,will-eric-swalwell-get-the-first-or-second-most-votes-in-the-2026-california-governor-primary-election,Will Eric Swalwell advance from the 2026 California Governor primary election?,1
825453,will-antonio-villaraigosa-get-the-first-or-second-most-votes-in-the-2026-california-governor-primary-election,Will Antonio Villaraigosa advance from the 2026 California Governor primary election?,1
825455,will-dylan-colbert-get-the-first-or-second-most-votes-in-the-2026-california-governor-primary-election,Will Dylan Colbert advance from the 2026 California Governor primary election?,1
825457,will-chad-bianco-get-the-first-or-second-most-votes-in-the-2026-california-governor-primary-election,Will Chad Bianco advance from the 2026 California Governor primary election?,1
825459,will-sharifah-hardie-get-the-first-or-second-most-votes-in-the-2026-california-governor-primary-election,Will Sharifah Hardie advance from the 2026 California Governor primary election?,1
825461,will-brandon-jones-get-the-first-or-second-most-votes-in-the-2026-california-governor-primary-election,Will Brandon Jones advance from the 2026 California Governor primary election?,1
825463,will-daniel-mercuri-get-the-first-or-second-most-votes-in-the-2026-california-governor-primary-election,Will Daniel Mercuri advance from the 2026 California Governor primary election?,1
825465,will-david-serpa-get-the-first-or-second-most-votes-in-the-2026-california-governor-primary-election,Will David Serpa advance from the 2026 California Governor primary election?,1
825467,will-javen-allen-get-the-first-or-second-most-votes-in-the-2026-california-governor-primary-election,Will Javen Allen advance from the 2026 California Governor primary election?,1
825469,will-david-thelen-get-the-first-or-second-most-votes-in-the-2026-california-governor-primary-election,Will David Thelen advance from the 2026 California Governor primary election?,1
825471,will-ramsey-robinson-get-the-first-or-second-most-votes-in-the-2026-california-governor-primary-election,Will Ramsey Robinson advance from the 2026 California Governor primary election?,1
825473,will-butch-ware-get-the-first-or-second-most-votes-in-the-2026-california-governor-primary-election,Will Butch Ware advance from the 2026 California Governor primary election?,1
825442,will-ethan-agarwal-get-the-first-or-second-most-votes-in-the-2026-california-governor-primary-election,Will Ethan Agarwal advance from the 2026 California Governor primary election?,1
825444,will-carolina-buhler-get-the-first-or-second-most-votes-in-the-2026-california-governor-primary-election,Will Carolina Buhler advance from the 2026 California Governor primary election?,1
825446,will-zoltan-istvan-get-the-first-or-second-most-votes-in-the-2026-california-governor-primary-election,Will Zoltan Istvan advance from the 2026 California Governor primary election?,1
825448,will-katie-porter-get-the-first-or-second-most-votes-in-the-2026-california-governor-primary-election,Will Katie Porter advance from the 2026 California Governor primary election?,1
825450,will-tom-steyer-get-the-first-or-second-most-votes-in-the-2026-california-governor-primary-election,Will Tom Steyer advance from the 2026 California Governor primary election?,1
825452,will-tony-thurmond-get-the-first-or-second-most-votes-in-the-2026-california-governor-primary-election,Will Tony Thurmond advance from the 2026 California Governor primary election?,1
825454,will-betty-yee-get-the-first-or-second-most-votes-in-the-2026-california-governor-primary-election,Will Betty Yee advance from the 2026 California Governor primary election?,1
825456,will-ch-ahn-get-the-first-or-second-most-votes-in-the-2026-california-governor-primary-election,Will Ché Ahn advance from the 2026 California Governor primary election?,1
825458,will-sophia-brink-get-the-first-or-second-most-votes-in-the-2026-california-governor-primary-election,Will Sophia Brink advance from the 2026 California Governor primary election?,1
825460,will-steve-hilton-get-the-first-or-second-most-votes-in-the-2026-california-governor-primary-election,Will Steve Hilton advance from the 2026 California Governor primary election?,1
825462,will-kyle-langford-get-the-first-or-second-most-votes-in-the-2026-california-governor-primary-election,Will Kyle Langford advance from the 2026 California Governor primary election?,1
825464,will-jimmy-parker-get-the-first-or-second-most-votes-in-the-2026-california-governor-primary-election,Will Jimmy Parker advance from the 2026 California Governor primary election?,1
825466,will-leo-zacky-advance-from-the-2026-california-governor-primary-election,Will Leo Zacky advance from the 2026 California Governor primary election?,1
825468,will-ryan-tillman-get-the-first-or-second-most-votes-in-the-2026-california-governor-primary-election,Will Ryan Tillman advance from the 2026 California Governor primary election?,1
825470,will-leonard-jackson-get-the-first-or-second-most-votes-in-the-2026-california-governor-primary-election,Will Leonard Jackson advance from the 2026 California Governor primary election?,1
825472,will-nicholas-thompson-get-the-first-or-second-most-votes-in-the-2026-california-governor-primary-election,Will Nicholas Thompson advance from the 2026 California Governor primary election?,1
954966,will-nicki-minaj-advance-from-the-2026-california-governor-primary-election,Will Nicki Minaj advance from the 2026 California Governor primary election?,1
1237410,will-matt-mahan-advance-from-the-2026-california-governor-primary-election,Will Matt Mahan advance from the 2026 California Governor primary election?,1
1559772,will-elaine-culotti-advance-from-the-2026-california-governor-primary-election,Will Elaine Culotti advance from the 2026 California Governor primary election?,1
568116,will-trump-be-impeached-by-december-31-2026,Will Trump be impeached by end of 2026?,1
619169,will-the-gop-use-nuclear-option-to-break-filibuster-by-october-31,Will the GOP use 'Nuclear Option' to break filibuster by October 31?,1
657471,will-the-gop-use-nuclear-option-to-break-filibuster-by-december-31,GOP uses 'Nuclear Option' to break filibuster by December 31?,1
677320,gop-uses-nuclear-option-to-break-filibuster-by-march-31-2026,"GOP uses 'Nuclear Option' to break filibuster by March 31, 2026?",1
1090190,gop-uses-nuclear-option-to-break-filibuster-by-december-31-2026,"GOP uses 'Nuclear Option' to break filibuster by December 31, 2026?",1
566760,will-trump-pardon-ghislaine-maxwell,Will Trump pardon Ghislaine Maxwell by end of 2026?,1
884888,tim-walz-charged-by-march-31,"Tim Walz charged by March 31, 2026?",1
1046969,tim-walz-charged-by-december-31-2026,"Tim Walz charged by December 31, 2026?",1
2126997,ruben-rocha-out-as-governor-of-sinaloa-by-may-31,Ruben Rocha out as Governor of Sinaloa by May 31?,1
2326049,ruben-rocha-out-as-governor-of-sinaloa-by-june-30,Ruben Rocha out as Governor of Sinaloa by June 30?,1
1403679,romanian-pm-bolojan-out-by-december-31-832-595,Romanian PM Bolojan out by December 31?,1
2158709,romanian-pm-bolojan-out-by-june-30,Romanian PM Bolojan out by June 30?,1
2166347,romanian-pm-bolojan-out-by-may-31,Romanian PM Bolojan out by May 31?,1
1553247,save-act-becomes-law-by-april-30-2026,"SAVE Act becomes law by April 30, 2026?",1
1553248,save-act-becomes-law-by-december-31-2026-347,"SAVE Act becomes law by December 31, 2026?",1
2097633,save-act-becomes-law-by-may-31-2026,"SAVE Act becomes law by May 31, 2026?",1
2365109,save-act-becomes-law-by-june-30-2026,"SAVE Act becomes law by June 30, 2026?",1
568117,will-trump-resign-by-december-31-2026,"Will Trump resign by December 31, 2026?",1
665209,will-trump-be-impeached-by-june-30,Will Trump be impeached by June 30?,1
601921,will-tarcisio-de-frietas-qualify-for-brazils-presidential-runoff,Will Tarcisio de Frietas qualify for Brazil's presidential runoff?,1
601922,will-luiz-incio-lula-da-silva-qualify-for-brazils-presidential-runoff,Will Luiz Inácio Lula da Silva qualify for Brazil's presidential runoff?,1
601923,will-jair-bolsonaro-qualify-for-brazils-presidential-runoff,Will Jair Bolsonaro qualify for Brazil's presidential runoff?,1
601924,will-fernando-haddad-qualify-for-brazils-presidential-runoff,Will Fernando Haddad qualify for Brazil's presidential runoff?,1
601925,will-michelle-bolsonaro-qualify-for-brazils-presidential-runoff,Will Michelle Bolsonaro qualify for Brazil's presidential runoff?,1
898654,will-flavio-bolsonaro-qualify-for-brazils-presidential-runoff,Will Flavio Bolsonaro qualify for Brazil's presidential runoff?,1
631317,lecornu-out-as-french-pm-by-october-31,Lecornu  out as French PM by October 31?,1
631316,lecornu-out-as-french-pm-by-december-31-395-183,Lecornu  out as French PM by December 31?,1
651772,lecornu-out-as-french-pm-by-november-30,Lecornu  out as French PM by November 30?,1
813507,lecornu-out-as-french-pm-by-june-30-2026,"Lecornu  out as French PM by June 30, 2026?",1
813508,lecornu-out-as-french-pm-by-december-31-2026,"Lecornu  out as French PM by December 31, 2026?",1
1316930,will-anyone-be-jailed-over-epstein-disclosures,Will anyone be jailed over Epstein disclosures? ,1
734792,will-donald-trump-visit-alabama-in-2026,Will Donald Trump visit Alabama in 2026?,1
734802,will-donald-trump-visit-arizona-in-2026,Will Donald Trump visit Arizona in 2026?,1
734813,will-donald-trump-visit-california-in-2026,Will Donald Trump visit California in 2026?,1
734823,will-donald-trump-visit-connecticut-in-2026,Will Donald Trump visit Connecticut in 2026?,1
734834,will-donald-trump-visit-florida-in-2026,Will Donald Trump visit Florida in 2026?,1
734844,will-donald-trump-visit-hawaii-in-2026,Will Donald Trump visit Hawaii in 2026?,1
734859,will-donald-trump-visit-illinois-in-2026,Will Donald Trump visit Illinois in 2026?,1
734870,will-donald-trump-visit-iowa-in-2026,Will Donald Trump visit Iowa in 2026?,1
734873,will-donald-trump-visit-kentucky-in-2026,Will Donald Trump visit Kentucky in 2026?,1
734875,will-donald-trump-visit-maine-in-2026,Will Donald Trump visit Maine in 2026?,1
734877,will-donald-trump-visit-massachusetts-in-2026,Will Donald Trump visit Massachusetts in 2026?,1
734879,will-donald-trump-visit-minnesota-in-2026,Will Donald Trump visit Minnesota in 2026?,1
734881,will-donald-trump-visit-missouri-in-2026,Will Donald Trump visit Missouri in 2026?,1
734883,will-donald-trump-visit-nebraska-in-2026,Will Donald Trump visit Nebraska in 2026?,1
734885,will-donald-trump-visit-new-hampshire-in-2026,Will Donald Trump visit New Hampshire in 2026?,1
734887,will-donald-trump-visit-new-mexico-in-2026,Will Donald Trump visit New Mexico in 2026?,1
734889,will-donald-trump-visit-north-carolina-in-2026,Will Donald Trump visit North Carolina in 2026?,1
734891,will-donald-trump-visit-ohio-in-2026,Will Donald Trump visit Ohio in 2026?,1
734893,will-donald-trump-visit-oregon-in-2026,Will Donald Trump visit Oregon in 2026?,1
734895,will-donald-trump-visit-rhode-island-in-2026,Will Donald Trump visit Rhode Island in 2026?,1
734897,will-donald-trump-visit-south-dakota-in-2026,Will Donald Trump visit South Dakota in 2026?,1
734899,will-donald-trump-visit-texas-in-2026,Will Donald Trump visit Texas in 2026?,1
734901,will-donald-trump-visit-vermont-in-2026,Will Donald Trump visit Vermont in 2026?,1
734903,will-donald-trump-visit-washington-in-2026,Will Donald Trump visit Washington in 2026?,1
734905,will-donald-trump-visit-wisconsin-in-2026,Will Donald Trump visit Wisconsin in 2026?,1
734796,will-donald-trump-visit-alaska-in-2026,Will Donald Trump visit Alaska in 2026?,1
734808,will-donald-trump-visit-arkansas-in-2026,Will Donald Trump visit Arkansas in 2026?,1
734816,will-donald-trump-visit-colorado-in-2026,Will Donald Trump visit Colorado in 2026?,1
734828,will-donald-trump-visit-delaware-in-2026,Will Donald Trump visit Delaware in 2026?,1
734839,will-donald-trump-visit-georgia-in-2026,Will Donald Trump visit Georgia in 2026?,1
734852,will-donald-trump-visit-idaho-in-2026,Will Donald Trump visit Idaho in 2026?,1
734865,will-donald-trump-visit-indiana-in-2026,Will Donald Trump visit Indiana in 2026?,1
734872,will-donald-trump-visit-kansas-in-2026,Will Donald Trump visit Kansas in 2026?,1
734874,will-donald-trump-visit-louisiana-in-2026,Will Donald Trump visit Louisiana in 2026?,1
734876,will-donald-trump-visit-maryland-in-2026,Will Donald Trump visit Maryland in 2026?,1
734878,will-donald-trump-visit-michigan-in-2026,Will Donald Trump visit Michigan in 2026?,1
734880,will-donald-trump-visit-mississippi-in-2026,Will Donald Trump visit Mississippi in 2026?,1
734882,will-donald-trump-visit-montana-in-2026,Will Donald Trump visit Montana in 2026?,1
734884,will-donald-trump-visit-nevada-in-2026,Will Donald Trump visit Nevada in 2026?,1
734886,will-donald-trump-visit-new-jersey-in-2026,Will Donald Trump visit New Jersey in 2026?,1
734888,will-donald-trump-visit-new-york-in-2026,Will Donald Trump visit New York in 2026?,1
734890,will-donald-trump-visit-north-dakota-in-2026,Will Donald Trump visit North Dakota in 2026?,1
734892,will-donald-trump-visit-oklahoma-in-2026,Will Donald Trump visit Oklahoma in 2026?,1
734894,will-donald-trump-visit-pennsylvania-in-2026,Will Donald Trump visit Pennsylvania in 2026?,1
734896,will-donald-trump-visit-south-carolina-in-2026,Will Donald Trump visit South Carolina in 2026?,1
734898,will-donald-trump-visit-tennessee-in-2026,Will Donald Trump visit Tennessee in 2026?,1
734900,will-donald-trump-visit-utah-in-2026,Will Donald Trump visit Utah in 2026?,1
734902,will-donald-trump-visit-virginia-in-2026,Will Donald Trump visit Virginia in 2026?,1
734904,will-donald-trump-visit-west-virginia-in-2026,Will Donald Trump visit West Virginia in 2026?,1
734906,will-donald-trump-visit-wyoming-in-2026,Will Donald Trump visit Wyoming in 2026?,1
2125853,will-california-use-a-new-congressional-map-for-the-2026-united-states-midterm-elections,Will California use a new congressional map for the 2026 United States midterm elections?,1
2125859,will-louisiana-use-a-new-congressional-map-for-the-2026-united-states-midterm-elections,Will Louisiana use a new congressional map for the 2026 United States midterm elections?,1
2125861,will-virginia-use-a-new-congressional-map-for-the-2026-united-states-midterm-elections,Will Virginia use a new congressional map for the 2026 United States midterm elections?,1
2125863,will-south-carolina-use-a-new-congressional-map-for-the-2026-united-states-midterm-elections,Will South Carolina use a new congressional map for the 2026 United States midterm elections?,1
2125873,will-maryland-use-a-new-congressional-map-for-the-2026-united-states-midterm-elections,Will Maryland use a new congressional map for the 2026 United States midterm elections?,1
2125854,will-texas-use-a-new-congressional-map-for-the-2026-united-states-midterm-elections,Will Texas use a new congressional map for the 2026 United States midterm elections?,1
2125856,will-ohio-use-a-new-congressional-map-for-the-2026-united-states-midterm-elections,Will Ohio use a new congressional map for the 2026 United States midterm elections?,1
2125857,will-utah-use-a-new-congressional-map-for-the-2026-united-states-midterm-elections,Will Utah use a new congressional map for the 2026 United States midterm elections?,1
2125860,will-missouri-use-a-new-congressional-map-for-the-2026-united-states-midterm-elections,Will Missouri use a new congressional map for the 2026 United States midterm elections?,1
2125865,will-kansas-use-a-new-congressional-map-for-the-2026-united-states-midterm-elections,Will Kansas use a new congressional map for the 2026 United States midterm elections?,1
2125868,will-washington-use-a-new-congressional-map-for-the-2026-united-states-midterm-elections,Will Washington use a new congressional map for the 2026 United States midterm elections?,1
2125870,will-illinois-use-a-new-congressional-map-for-the-2026-united-states-midterm-elections,Will Illinois use a new congressional map for the 2026 United States midterm elections?,1
2125872,will-new-york-use-a-new-congressional-map-for-the-2026-united-states-midterm-elections,Will New York use a new congressional map for the 2026 United States midterm elections?,1
2125855,will-north-carolina-use-a-new-congressional-map-for-the-2026-united-states-midterm-elections,Will North Carolina use a new congressional map for the 2026 United States midterm elections?,1
2125858,will-florida-use-a-new-congressional-map-for-the-2026-united-states-midterm-elections,Will Florida use a new congressional map for the 2026 United States midterm elections?,1
2125866,will-new-jersey-use-a-new-congressional-map-for-the-2026-united-states-midterm-elections,Will New Jersey use a new congressional map for the 2026 United States midterm elections?,1
2125869,will-nebraska-use-a-new-congressional-map-for-the-2026-united-states-midterm-elections,Will Nebraska use a new congressional map for the 2026 United States midterm elections?,1
2125871,will-minnesota-use-a-new-congressional-map-for-the-2026-united-states-midterm-elections,Will Minnesota use a new congressional map for the 2026 United States midterm elections?,1
2125862,will-alabama-use-a-new-congressional-map-for-the-2026-united-states-midterm-elections,Will Alabama use a new congressional map for the 2026 United States midterm elections?,1
2125864,will-georgia-use-a-new-congressional-map-for-the-2026-united-states-midterm-elections,Will Georgia use a new congressional map for the 2026 United States midterm elections?,1
2125867,will-indiana-use-a-new-congressional-map-for-the-2026-united-states-midterm-elections,Will Indiana use a new congressional map for the 2026 United States midterm elections?,1
2125874,will-wisconsin-use-a-new-congressional-map-for-the-2026-united-states-midterm-elections,Will Wisconsin use a new congressional map for the 2026 United States midterm elections?,1
2181944,will-tennessee-use-a-new-congressional-map-for-the-2026-united-states-midterm-elections,Will Tennessee use a new congressional map for the 2026 United States midterm elections?,1
2181945,will-mississippi-use-a-new-congressional-map-for-the-2026-united-states-midterm-elections,Will Mississippi use a new congressional map for the 2026 United States midterm elections?,1
1986647,tamas-sulyok-out-as-president-of-hungary-by-june-30,Tamas Sulyok out as President of Hungary by June 30?,1
664045,will-mamdani-freeze-nyc-rents-before-2027,Will Mamdani freeze NYC rents before 2027?,1
663912,mamdani-opens-city-owned-grocery-store-by-june-30,Mamdani opens city-owned grocery store  by June 30?,1
2159620,will-the-senate-pass-a-reconciliation-bill-by-may-15,Will the Senate pass a reconciliation bill by May 15?,1
2159622,will-the-senate-pass-a-reconciliation-bill-by-may-31,Will the Senate pass a reconciliation bill by May 31?,1
2159621,will-the-senate-pass-a-reconciliation-bill-by-may-22,Will the Senate pass a reconciliation bill by May 22?,1
2324725,will-the-senate-pass-a-reconciliation-bill-by-june-30-382,Will the Senate pass a reconciliation bill by June 30?,1
2325720,will-the-senate-pass-a-reconciliation-bill-by-june-2,Will the Senate pass a reconciliation bill by June 2?,1
2325721,will-the-senate-pass-a-reconciliation-bill-by-june-5-388,Will the Senate pass a reconciliation bill by June 5?,1
2325722,will-the-senate-pass-a-reconciliation-bill-by-june-13-728,Will the Senate pass a reconciliation bill by June 13?,1
2127064,sinaloa-gov-ruben-rocha-extradited-to-us-by-june-30,Sinaloa Gov. Ruben Rocha extradited to US by June 30?,1
2127392,sinaloa-gov-ruben-rocha-extradited-to-us-by-may-15,Sinaloa Gov. Ruben Rocha extradited to US by May 15?,1
1568242,will-the-slovenian-democratic-party-sds-be-part-of-the-next-government-of-slovenia-311,Will the Slovenian Democratic Party (SDS) be part of the next Government of Slovenia?,1
1568244,will-the-social-democrats-sd-be-part-of-the-next-government-of-slovenia-836,Will the Social Democrats (SD) be part of the next Government of Slovenia?,1
1568245,will-the-democrats-d-be-part-of-the-next-government-of-slovenia-848,Will the Democrats (D) be part of the next Government of Slovenia?,1
1568247,will-the-left-levica-be-part-of-the-next-government-of-slovenia-424,Will The Left (Levica) be part of the next Government of Slovenia?,1
1568243,will-the-freedom-movement-gs-be-part-of-the-next-government-of-slovenia-786,Will the Freedom Movement (GS) be part of the next Government of Slovenia?,1
1568246,will-new-slovenia-christian-democrats-nsi-be-part-of-the-next-government-of-slovenia-633,Will New Slovenia – Christian Democrats (NSi) be part of the next Government of Slovenia?,1
1568249,will-resnica-res-be-part-of-the-next-government-of-slovenia-399,Will Resni.ca (Res) be part of the next Government of Slovenia?,1
1568250,will-mi-socialisti-mi-be-part-of-the-next-government-of-slovenia-663,"Will Mi, socialisti! (Mi!) be part of the next Government of Slovenia?",1
1568251,will-vesna-green-party-vesna-be-part-of-the-next-government-of-slovenia-611,Will Vesna – Green Party (Vesna) be part of the next Government of Slovenia?,1
1568252,will-the-slovenian-national-party-sns-be-part-of-the-next-government-of-slovenia-731,Will the Slovenian National Party (SNS) be part of the next Government of Slovenia?,1
1568253,will-the-pirate-party-of-slovenia-pps-be-part-of-the-next-government-of-slovenia-898,Will the Pirate Party of Slovenia (PPS) be part of the next Government of Slovenia?,1
1568254,will-the-slovenian-peoples-party-sls-be-part-of-the-next-government-of-slovenia-592,Will the Slovenian People’s Party (SLS) be part of the next Government of Slovenia?,1
1568256,will-our-country-nd-be-part-of-the-next-government-of-slovenia-441,Will Our Country (ND) be part of the next Government of Slovenia?,1
1568255,will-the-party-of-generations-sg-be-part-of-the-next-government-of-slovenia-488,Will the Party of Generations (SG) be part of the next Government of Slovenia?,1
1568257,will-prerod-party-of-vladimir-prebili-pvp-be-part-of-the-next-government-of-slovenia-433,Will Prerod – Party of Vladimir Prebilič (PVP) be part of the next Government of Slovenia?,1
665513,friedrich-merz-out-as-chancellor-of-germany-before-2027,Friedrich Merz out as Chancellor of Germany before 2027?,1
687673,will-trump-pardon-roger-ver-before-2027,Will Trump pardon Roger Ver before 2027?,1
687677,will-trump-pardon-elon-musk-before-2027,Will Trump pardon Elon Musk before 2027?,1
687681,will-trump-pardon-matt-gaetz-before-2027,Will Trump pardon Matt Gaetz before 2027?,1
687685,will-trump-pardon-joe-exotic-the-tiger-king-before-2027,"Will Trump pardon Joe Exotic ""The Tiger King"" before 2027?",1
687689,will-trump-pardon-ghislaine-maxwell-before-2027,Will Trump pardon Ghislaine Maxwell before 2027?,1
687671,will-trump-pardon-eric-adams-before-2027,Will Trump pardon Eric Adams before 2027?,1
687675,will-trump-pardon-himself-before-2027,Will Trump pardon Himself before 2027?,1
687679,will-trump-pardon-young-thug-before-2027,Will Trump pardon Young Thug before 2027?,1
687683,will-trump-pardon-roger-stone-before-2027,Will Trump pardon Roger Stone before 2027?,1
687687,will-trump-pardon-antoine-massey-before-2027,Will Trump pardon Antoine Massey before 2027?,1
687670,will-trump-pardon-sam-bankman-fried-before-2027,Will Trump pardon Sam Bankman-Fried before 2027?,1
687674,will-trump-pardon-julian-assange-before-2027,Will Trump pardon Julian Assange before 2027?,1
687678,will-trump-pardon-hunter-biden-before-2027,Will Trump pardon Hunter Biden before 2027?,1
687682,will-trump-pardon-daniel-penny-before-2027,Will Trump pardon Daniel Penny before 2027?,1
687686,will-trump-pardon-derek-chauvin-before-2027,Will Trump pardon Derek Chauvin before 2027?,1
687690,will-trump-pardon-do-kwon-before-2027,Will Trump pardon Do Kwon before 2027?,1
687672,will-trump-pardon-steve-bannon-before-2027,Will Trump pardon Steve Bannon before 2027?,1
687676,will-trump-pardon-diddy-before-2027,Will Trump pardon Diddy before 2027?,1
687680,will-trump-pardon-edward-snowden-before-2027,Will Trump pardon Edward Snowden before 2027?,1
687684,will-trump-pardon-bob-menendez-before-2027,Will Trump pardon Bob Menendez before 2027?,1
687688,will-trump-pardon-elizabeth-holmes-before-2027,Will Trump pardon Elizabeth Holmes before 2027?,1
822866,will-trump-pardon-ryan-salame-before-2027,Will Trump pardon Ryan Salame before 2027?,1
691635,will-trump-pardon-donald-brodie-before-2027,Will Trump pardon Donald Brodie before 2027?,1
691634,will-trump-pardon-stefan-brodie-before-2027,Will Trump pardon Stefan Brodie before 2027?,1
951551,will-trump-pardon-keonne-rodriguez-before-2027,Will Trump pardon Keonne Rodriguez before 2027?,1
1090816,will-trump-pardon-martin-shkreli-before-2027,Will Trump pardon Martin Shkreli before 2027?,1
1106424,will-trump-pardon-nicolas-maduro-before-2027,Will Trump pardon Nicolas Maduro before 2027?,1
593984,will-trump-endorse-ken-paxton-for-tx-sen-by-nov-2-2026-et,Will Trump endorse Ken Paxton for TX-Sen by Nov 2 2026 ET?,1
593986,will-trump-endorse-winsome-earle-sears-for-va-gov-by-nov-2-2025-et,Will Trump endorse Winsome Earle-Sears for VA-Gov by Nov 2 2025 ET?,1
593988,will-trump-endorse-susan-collins-for-me-sen-by-nov-2-2026-et,Will Trump endorse Susan Collins for ME-Sen by Nov 2 2026 ET?,1
593983,will-trump-endorse-john-cornyn-for-tx-sen-by-nov-2-2026-et,Will Trump endorse John Cornyn for TX-Sen by Nov 2 2026 ET?,1
593985,will-trump-endorse-andy-barr-for-ky-sen-by-nov-2-2026-et,Will Trump endorse Andy Barr for KY-Sen by Nov 2 2026 ET?,1
593987,will-trump-endorse-steve-hilton-in-ca-gov-for-nov-2-2026-et,Will Trump endorse Steve Hilton in CA-Gov for Nov 2 2026 ET?,1
593989,will-trump-endorse-lindsey-graham-for-sc-sen-by-nov-2-2026-et,Will Trump endorse Lindsey Graham for SC-Sen by Nov 2 2026 ET?,1
1397832,prince-andrew-sentenced-to-prison,Prince Andrew sentenced to prison?,1
687270,claudia-sheinbaum-out-as-president-of-mexico-by-january-31,Claudia Sheinbaum out as President of Mexico by January 31?,1
648896,claudia-sheinbaum-out-as-president-of-mexico-by-june-30-791,Claudia Sheinbaum out as President of Mexico by June 30?,1
1430556,claudia-sheinbaum-out-as-president-of-mexico-by-december-31,Claudia Sheinbaum out as President of Mexico by December 31?,1
908035,will-dave-bronson-advance-from-the-2026-alaska-governor-primary-election,Will Dave Bronson advance from the 2026 Alaska Governor primary election?,1
908037,will-nancy-dahlstrom-advance-from-the-2026-alaska-governor-primary-election,Will Nancy Dahlstrom advance from the 2026 Alaska Governor primary election?,1
908039,will-matt-heilala-advance-from-the-2026-alaska-governor-primary-election,Will Matt Heilala advance from the 2026 Alaska Governor primary election?,1
908041,will-hank-kroll-advance-from-the-2026-alaska-governor-primary-election,Will Hank Kroll advance from the 2026 Alaska Governor primary election?,1
908043,will-treg-taylor-advance-from-the-2026-alaska-governor-primary-election,Will Treg Taylor advance from the 2026 Alaska Governor primary election?,1
908045,will-tom-begich-advance-from-the-2026-alaska-governor-primary-election,Will Tom Begich advance from the 2026 Alaska Governor primary election?,1
908034,will-click-bishop-advance-from-the-2026-alaska-governor-primary-election,Will Click Bishop advance from the 2026 Alaska Governor primary election?,1
908036,will-adam-crum-advance-from-the-2026-alaska-governor-primary-election,Will Adam Crum advance from the 2026 Alaska Governor primary election?,1
908038,will-edna-devries-advance-from-the-2026-alaska-governor-primary-election,Will Edna DeVries advance from the 2026 Alaska Governor primary election?,1
908040,will-shelley-hughes-advance-from-the-2026-alaska-governor-primary-election,Will Shelley Hughes advance from the 2026 Alaska Governor primary election?,1
908042,will-james-parkin-advance-from-the-2026-alaska-governor-primary-election,Will James Parkin advance from the 2026 Alaska Governor primary election?,1
908044,will-bernadette-wilson-advance-from-the-2026-alaska-governor-primary-election,Will Bernadette Wilson advance from the 2026 Alaska Governor primary election?,1
908046,will-matt-claman-advance-from-the-2026-alaska-governor-primary-election,Will Matt Claman advance from the 2026 Alaska Governor primary election?,1
1829855,will-jonathan-kreiss-tomkins-advance-from-the-2026-alaska-governor-primary-election,Will Jonathan Kreiss-Tomkins advance from the 2026 Alaska Governor primary election?,1
1829854,will-bruce-walden-advance-from-the-2026-alaska-governor-primary-election,Will Bruce Walden advance from the 2026 Alaska Governor primary election?,1
1845700,will-the-no-to-ten-million-switzerland-initiative-be-approved-in-switzerlands-june-14-2026-popular-vote,"Will the No to ten million Switzerland initiative be approved in Switzerland’s June 14, 2026 popular vote?",1
1845701,will-the-referendum-on-the-civilian-service-act-be-approved-in-switzerlands-june-14-2026-popular-vote,"Will the Referendum on the Civilian Service Act be approved in Switzerland’s June 14, 2026 popular vote?",1
2098364,trump-renames-ice-to-nice-by-june-30,Trump renames ICE to NICE by June 30?,1
2243625,trump-renames-ice-to-nice-by-december-31,Trump renames ICE to NICE by December 31?,1
1193650,will-the-2026-midterm-elections-happen-as-scheduled,Will the 2026 Midterm Elections happen as scheduled?,1
1329554,save-act-signed-into-law-in-2026,H.R. 22 (SAVE Act) signed into law in 2026?,1
593973,will-bernie-endorse-kshama-sawant-for-wa-09-by-nov-2-2026-et,Will Bernie endorse Kshama Sawant for WA-09 by Nov 2 2026 ET?,1
593975,will-bernie-endorse-antonio-delgado-for-ny-gov-by-nov-2-2026-et,Will Bernie endorse Antonio Delgado for NY-Gov by Nov 2 2026 ET?,1
593977,will-bernie-endorse-alan-grayson-for-fl-sen-nov-2-2026-et,Will Bernie endorse Alan Grayson for FL-Sen Nov 2 2026 ET?,1
593972,will-bernie-endorse-james-talarico-for-tx-sen-by-nov-2-2026-et,Will Bernie endorse James Talarico for TX-Sen by Nov 2 2026 ET?,1
593974,will-bernie-endorse-dan-osborn-for-ne-sen-by-nov-2-2026-et,Will Bernie endorse Dan Osborn for NE-Sen by Nov 2 2026 ET?,1
593976,will-bernie-endorse-omar-fateh-in-minneapolis-mayor-for-nov-3-2026-et,Will Bernie endorse Omar Fateh in Minneapolis Mayor for Nov 3 2026 ET?,1
593978,will-bernie-endorse-zach-wahls-for-ia-sen-nov-2-2026-et,Will Bernie endorse Zach Wahls for IA-Sen Nov 2 2026 ET?,1
1450214,trump-declares-election-interference-national-emergency,Trump declares election interference national emergency? ,1
1900410,pete-hegseth-impeached-by-june-30,Pete Hegseth impeached by June 30?,1
665359,poilievre-out-as-leader-of-conservatives-before-2027,"Poilievre out as leader of Conservatives by December 31, 2026?",1
2109074,james-comey-sentenced-to-prison-in-2026,James Comey sentenced to Prison in 2026?,1
1571919,will-the-social-democrats-be-part-of-the-next-government-of-denmark,Will the Social Democrats be part of the next Government of Denmark?,1
1571921,will-denmark-democrats-be-part-of-the-next-government-of-denmark,Will Denmark Democrats be part of the next Government of Denmark?,1
1571923,will-liberal-alliance-be-part-of-the-next-government-of-denmark,Will Liberal Alliance be part of the next Government of Denmark?,1
1571925,will-conservative-peoples-party-be-part-of-the-next-government-of-denmark,Will Conservative People’s Party be part of the next Government of Denmark?,1
1571927,will-danish-peoples-party-be-part-of-the-next-government-of-denmark,Will Danish People’s Party be part of the next Government of Denmark?,1
1571929,will-the-alternative-be-part-of-the-next-government-of-denmark,Will The Alternative be part of the next Government of Denmark?,1
1571931,will-union-party-be-part-of-the-next-government-of-denmark,Will Union Party be part of the next Government of Denmark?,1
1571933,will-inuit-ataqatigiit-be-part-of-the-next-government-of-denmark,Will Inuit Ataqatigiit be part of the next Government of Denmark?,1
1571920,will-venstre-be-part-of-the-next-government-of-denmark,Will Venstre be part of the next Government of Denmark?,1
1571922,will-green-left-be-part-of-the-next-government-of-denmark,Will Green Left be part of the next Government of Denmark?,1
1571924,will-moderates-be-part-of-the-next-government-of-denmark,Will Moderates be part of the next Government of Denmark?,1
1571926,will-redgreen-alliance-be-part-of-the-next-government-of-denmark,Will Red–Green Alliance be part of the next Government of Denmark?,1
1571928,will-danish-social-liberal-party-be-part-of-the-next-government-of-denmark,Will Danish Social Liberal Party be part of the next Government of Denmark?,1
1571930,will-citizens-party-be-part-of-the-next-government-of-denmark,Will Citizens’ Party be part of the next Government of Denmark?,1
1571932,will-the-social-democratic-party-faroe-islands-be-part-of-the-next-government-of-denmark,Will the Social Democratic Party (Faroe Islands) be part of the next Government of Denmark?,1
1571934,will-naleraq-be-part-of-the-next-government-of-denmark,Will Naleraq be part of the next Government of Denmark?,1
1060867,republican-trifecta-with-supermajority-in-the-senate,Republicans win Trifecta with Senate Supermajority in midterms?,1
1302038,will-alberta-vote-for-independence-in-2026,Will Alberta vote for independence in 2026?,1
648378,billionaire-one-time-wealth-tax-on-california-ballot,Billionaire one-time wealth tax on California ballot?,1
2134416,andy-burnham-out-as-mayor-of-greater-manchester-by-may-31,Andy Burnham out as Mayor of Greater Manchester by May 31?,1
2370467,andy-burnham-out-as-mayor-of-greater-manchester-by-june-30,Andy Burnham out as Mayor of Greater Manchester by June 30?,1
1319902,will-anyone-be-charged-over-epstein-disclosures,Will anyone be charged over Epstein disclosures?,1
1999808,peru-general-election-invalidated-by-june-30,Peru General Election invalidated by June 30?,1
1809418,scotus-strikes-down-trumps-birthright-citizenship-eo,SCOTUS strikes down Trump's Birthright Citizenship EO?,1
637910,will-mitch-mcconnell-resign-from-the-senate-before-his-term-ends,Will Mitch McConnell step down from the Senate before his term ends?,1
2116863,will-james-comey-be-arrested-before-2027,Will James Comey be arrested before 2027?,1
2116865,will-john-brennan-be-arrested-before-2027,Will John Brennan be arrested before 2027?,1
2116867,will-james-clapper-be-arrested-before-2027,Will James Clapper be arrested before 2027?,1
2116869,will-adam-schiff-be-arrested-before-2027,Will Adam Schiff be arrested before 2027?,1
2116871,will-hillary-clinton-be-arrested-before-2027,Will Hillary Clinton be arrested before 2027?,1
2116873,will-loretta-lynch-be-arrested-before-2027,Will Loretta Lynch be arrested before 2027?,1
2116875,will-candace-owens-be-arrested-before-2027,Will Candace Owens be arrested before 2027?,1
2116877,will-benjamin-netanyahu-be-arrested-before-2027,Will Benjamin Netanyahu be arrested before 2027?,1
2116879,will-barack-obama-be-arrested-before-2027,Will Barack Obama be arrested before 2027?,1
2116881,will-tom-homan-be-arrested-before-2027,Will Tom Homan be arrested before 2027?,1
2116883,will-brandon-johnson-be-arrested-before-2027,Will Brandon Johnson be arrested before 2027?,1
2116885,will-lee-jun-seok-be-arrested-before-2027,Will Lee Jun-seok be arrested before 2027?,1
2116864,will-anthony-fauci-be-arrested-before-2027,Will Anthony Fauci be arrested before 2027?,1
2116866,will-mahmoud-khalil-be-arrested-before-2027,Will Mahmoud Khalil be arrested before 2027?,1
2116868,will-jos-luis-rodrguez-zapatero-be-arrested-before-2027,Will José Luis Rodríguez Zapatero be arrested before 2027?,1
2116870,will-letitia-james-be-arrested-before-2027,Will Letitia James be arrested before 2027?,1
2116872,will-bill-clinton-be-arrested-before-2027,Will Bill Clinton be arrested before 2027?,1
2116874,will-susan-rice-be-arrested-before-2027,Will Susan Rice be arrested before 2027?,1
2116876,will-gavin-newsom-be-arrested-before-2027,Will Gavin Newsom be arrested before 2027?,1
2116878,will-john-kerry-be-arrested-before-2027,Will John Kerry be arrested before 2027?,1
2116880,will-pam-bondi-be-arrested-before-2027,Will Pam Bondi be arrested before 2027?,1
2116882,will-kash-patel-be-arrested-before-2027,Will Kash Patel be arrested before 2027?,1
2116884,will-lisa-cook-be-arrested-before-2027,Will Lisa Cook be arrested before 2027?,1
2116886,will-joe-biden-be-arrested-before-2027,Will Joe Biden be arrested before 2027?,1
1426251,will-the-defiance-act-become-law-this-year,Will the DEFIANCE Act become law this year?,1
1426253,will-the-housing-for-the-21st-century-act-become-law-this-year,Will the Housing for the 21st Century Act become law this year?,1
1426255,will-the-self-drive-act-become-law-this-year,Will the SELF DRIVE Act become law this year?,1
1426257,will-filmtv-production-expensing-become-law-this-year,Will Film/TV production expensing become law this year?,1
1426259,will-export-control-chip-security-become-law-this-year,Will Export-control chip security become law this year?,1
1426261,will-data-center-utility-cost-protection-become-law-this-year,Will Data center utility cost protection become law this year?,1
1426263,will-trump-airport-become-law-this-year,Will Trump Airport become law this year?,1
1426250,will-2pt50-coin-become-law-this-year,Will $2.50 Coin become law this year?,1
1426252,will-fisa-section-702-reauthorization-become-law-this-year,Will FISA Section 702 reauthorization become law this year?,1
1426254,will-the-critical-minerals-stockpile-become-law-this-year,Will the Critical-minerals stockpile become law this year?,1
1426256,will-the-smithsonian-womens-history-museum-become-law-this-year,Will the Smithsonian Women’s History Museum become law this year?,1
1426258,will-credit-card-routing-competition-become-law-this-year,Will Credit-card routing competition become law this year?,1
1426260,will-ai-chip-export-licensing-become-law-this-year,Will AI-chip export licensing become law this year?,1
1426262,will-the-shower-act-become-law-this-year,Will the SHOWER Act become law this year?,1
535741,mike-johnson-out-as-speaker-in-2025,Mike Johnson out as Speaker by December 31?,1
623964,mike-johnson-out-as-speaker-by-march-31,Mike Johnson out as Speaker by March 31?,1
813506,mike-johnson-out-as-speaker-by-december-31,Mike Johnson out as Speaker by December 31?,1
813505,mike-johnson-out-as-speaker-by-june-30,Mike Johnson out as Speaker by June 30?,1
688127,will-the-uk-designate-the-irgc-a-terrorist-organization-by-june-30,Will the UK designate the IRGC a terrorist organization by June 30? ,1
2117171,will-trump-say-dog-in-may,"Will Trump say ""Dog"" in May?",1
2117173,will-trump-say-bird-in-may,"Will Trump say ""Bird"" in May?",1
2117175,will-trump-say-eagle-in-may,"Will Trump say ""Eagle"" in May?",1
2117177,will-trump-say-giraffe-in-may,"Will Trump say ""Giraffe"" in May?",1
2117179,will-trump-say-tiger-in-may,"Will Trump say ""Tiger"" in May?",1
2117181,will-trump-say-hippo-or-hippopotamus-in-may,"Will Trump say ""Hippo"" or ""Hippopotamus"" in May?",1
2117183,will-trump-say-panther-in-may,"Will Trump say ""Panther"" in May?",1
2117185,will-trump-say-elephant-in-may,"Will Trump say ""Elephant"" in May?",1
2117187,will-trump-say-whale-in-may,"Will Trump say ""Whale"" in May?",1
2117189,will-trump-say-snake-in-may,"Will Trump say ""Snake"" in May?",1
2117191,will-trump-say-kangaroo-in-may,"Will Trump say ""Kangaroo"" in May?",1
2117193,will-trump-say-deer-in-may,"Will Trump say ""Deer"" in May?",1
2117195,will-trump-say-goat-in-may,"Will Trump say ""Goat"" in May?",1
2117197,will-trump-say-bear-in-may,"Will Trump say ""Bear"" in May?",1
2117199,will-trump-say-turkey-in-may,"Will Trump say ""Turkey"" or ""Turkiye"" in May?",1
2117172,will-trump-say-cat-in-may-431,"Will Trump say ""Cat"" in May?",1
2117174,will-trump-say-fish-in-may,"Will Trump say ""Fish"" in May?",1
2117176,will-trump-say-hawk-in-may,"Will Trump say ""Hawk"" in May?",1
2117178,will-trump-say-mosquito-in-may,"Will Trump say ""Mosquito"" in May?",1
2117180,will-trump-say-rabbit-or-bunny-in-may,"Will Trump say ""Rabbit"" or ""Bunny"" in May?",1
2117182,will-trump-say-lion-in-may,"Will Trump say ""Lion"" in May?",1
2117184,will-trump-say-pig-in-may,"Will Trump say ""Pig"" in May?",1
2117186,will-trump-say-wolf-in-may,"Will Trump say ""Wolf"" in May?",1
2117188,will-trump-say-chicken-in-may,"Will Trump say ""Chicken"" in May?",1
2117190,will-trump-say-shark-in-may,"Will Trump say ""Shark"" in May?",1
2117192,will-trump-say-bull-in-may,"Will Trump say ""Bull"" in May?",1
2117194,will-trump-say-frog-in-may,"Will Trump say ""Frog"" in May?",1
2117196,will-trump-say-mouse-in-may,"Will Trump say ""Mouse"" in May?",1
2117198,will-trump-say-turtle-in-may,"Will Trump say ""Turtle"" in May?",1
651326,will-gavin-newsom-announce-a-presidential-run-by-december-31-2025,"Will Gavin Newsom announce a Presidential run by December 31, 2025?",1
651327,will-gavin-newsom-announce-a-presidential-run-by-december-31-2026,"Will Gavin Newsom announce a Presidential run by December 31, 2026?",1
700785,another-canada-election-called-by-june-30,Another Canada election called by June 30?,1
1125087,any-brazil-stf-justice-removed-by-impeachment-before-2027,Any Brazil STF Justice removed by impeachment before 2027?,1
665368,will-trumps-approval-rating-hit-40-in-2026,Will Trump's approval rating hit 40% in 2026?,1
665369,will-trumps-approval-rating-hit-35-in-2026,Will Trump's approval rating hit 35% in 2026?,1
665370,will-trumps-approval-rating-hit-30-in-2026,Will Trump's approval rating hit 30% in 2026?,1
665371,will-trumps-approval-rating-hit-25-in-2026,Will Trump's approval rating hit 25% in 2026?,1
665372,will-trumps-approval-rating-hit-20-in-2026,Will Trump's approval rating hit 20% in 2026?,1
2069953,will-nathalie-arthaud-be-on-the-ballot-for-the-2027-french-presidential-election,Will Nathalie Arthaud be on the ballot for the 2027 French presidential election?,1
2069963,will-jrme-guedj-be-on-the-ballot-for-the-2027-french-presidential-election,Will Jérôme Guedj be on the ballot for the 2027 French presidential election?,1
2069961,will-delphine-batho-be-on-the-ballot-for-the-2027-french-presidential-election,Will Delphine Batho be on the ballot for the 2027 French presidential election?,1
2069984,will-michel-edouard-leclerc-be-on-the-ballot-for-the-2027-french-presidential-election,Will Michel-Edouard Leclerc be on the ballot for the 2027 French presidential election?,1
2069978,will-karim-bouamrane-be-on-the-ballot-for-the-2027-french-presidential-election,Will Karim Bouamrane be on the ballot for the 2027 French presidential election?,1
2070039,will-philippe-de-villiers-be-on-the-ballot-for-the-2027-french-presidential-election,Will Philippe de Villiers be on the ballot for the 2027 French presidential election?,1
2070028,will-manuel-valls-be-on-the-ballot-for-the-2027-french-presidential-election,Will Manuel Valls be on the ballot for the 2027 French presidential election?,1
2070037,will-matthieu-pigasse-be-on-the-ballot-for-the-2027-french-presidential-election,Will Matthieu Pigasse be on the ballot for the 2027 French presidential election?,1
2070047,will-bally-bagayoko-be-on-the-ballot-for-the-2027-french-presidential-election,Will Bally Bagayoko be on the ballot for the 2027 French presidential election?,1
2070038,will-juan-branco-be-on-the-ballot-for-the-2027-french-presidential-election,Will Juan Branco be on the ballot for the 2027 French presidential election?,1
2070036,will-teddy-riner-be-on-the-ballot-for-the-2027-french-presidential-election,Will Teddy Riner be on the ballot for the 2027 French presidential election?,1
2054223,will-marine-le-pen-be-on-the-ballot-for-the-2027-french-presidential-election,Will Marine Le Pen be on the ballot for the 2027 French presidential election?,1
2054224,will-jordan-bardella-be-on-the-ballot-for-the-2027-french-presidential-election,Will Jordan Bardella be on the ballot for the 2027 French presidential election?,1
2054225,will-ric-zemmour-be-on-the-ballot-for-the-2027-french-presidential-election,Will Éric Zemmour be on the ballot for the 2027 French presidential election?,1
2054226,will-douard-philippe-be-on-the-ballot-for-the-2027-french-presidential-election,Will Édouard Philippe be on the ballot for the 2027 French presidential election?,1
2054227,will-david-lisnard-be-on-the-ballot-for-the-2027-french-presidential-election,Will David Lisnard be on the ballot for the 2027 French presidential election?,1
2054228,will-xavier-bertrand-be-on-the-ballot-for-the-2027-french-presidential-election,Will Xavier Bertrand be on the ballot for the 2027 French presidential election?,1
2054229,will-laurent-wauquiez-be-on-the-ballot-for-the-2027-french-presidential-election,Will Laurent Wauquiez be on the ballot for the 2027 French presidential election?,1
2054230,will-franois-ruffin-be-on-the-ballot-for-the-2027-french-presidential-election,Will François Ruffin be on the ballot for the 2027 French presidential election?,1
2054231,will-gabriel-attal-be-on-the-ballot-for-the-2027-french-presidential-election,Will Gabriel Attal be on the ballot for the 2027 French presidential election?,1
2054232,will-bruno-retailleau-be-on-the-ballot-for-the-2027-french-presidential-election,Will Bruno Retailleau be on the ballot for the 2027 French presidential election?,1
2054233,will-franois-hollande-be-on-the-ballot-for-the-2027-french-presidential-election,Will François Hollande be on the ballot for the 2027 French presidential election?,1
2054234,will-raphal-glucksmann-be-on-the-ballot-for-the-2027-french-presidential-election,Will Raphaël Glucksmann be on the ballot for the 2027 French presidential election?,1
2054235,will-jean-luc-mlenchon-be-on-the-ballot-for-the-2027-french-presidential-election,Will Jean-Luc Mélenchon be on the ballot for the 2027 French presidential election?,1
2054236,will-marine-tondelier-be-on-the-ballot-for-the-2027-french-presidential-election,Will Marine Tondelier be on the ballot for the 2027 French presidential election?,1
2054237,will-fabien-roussel-be-on-the-ballot-for-the-2027-french-presidential-election,Will Fabien Roussel be on the ballot for the 2027 French presidential election?,1
2054238,will-olivier-faure-be-on-the-ballot-for-the-2027-french-presidential-election,Will Olivier Faure be on the ballot for the 2027 French presidential election?,1
2054239,will-dominique-de-villepin-be-on-the-ballot-for-the-2027-french-presidential-election,Will Dominique de Villepin be on the ballot for the 2027 French presidential election?,1
2054240,will-sgolne-royal-be-on-the-ballot-for-the-2027-french-presidential-election,Will Ségolène Royal be on the ballot for the 2027 French presidential election?,1
2054241,will-franois-asselineau-be-on-the-ballot-for-the-2027-french-presidential-election,Will François Asselineau be on the ballot for the 2027 French presidential election?,1
2054242,will-clmentine-autain-be-on-the-ballot-for-the-2027-french-presidential-election,Will Clémentine Autain be on the ballot for the 2027 French presidential election?,1
2054243,will-nicolas-dupont-aignan-be-on-the-ballot-for-the-2027-french-presidential-election,Will Nicolas Dupont-Aignan be on the ballot for the 2027 French presidential election?,1
2054244,will-michel-barnier-be-on-the-ballot-for-the-2027-french-presidential-election,Will Michel Barnier be on the ballot for the 2027 French presidential election?,1
2054245,will-valrie-pcresse-be-on-the-ballot-for-the-2027-french-presidential-election,Will Valérie Pécresse be on the ballot for the 2027 French presidential election?,1
2054246,will-franois-bayrou-be-on-the-ballot-for-the-2027-french-presidential-election,Will François Bayrou be on the ballot for the 2027 French presidential election?,1
2054247,will-lisabeth-borne-be-on-the-ballot-for-the-2027-french-presidential-election,Will Élisabeth Borne be on the ballot for the 2027 French presidential election?,1
2054248,will-yal-braun-pivet-be-on-the-ballot-for-the-2027-french-presidential-election,Will Yaël Braun-Pivet be on the ballot for the 2027 French presidential election?,1
2054249,will-jean-castex-be-on-the-ballot-for-the-2027-french-presidential-election,Will Jean Castex be on the ballot for the 2027 French presidential election?,1
2054250,will-grald-darmanin-be-on-the-ballot-for-the-2027-french-presidential-election,Will Gérald Darmanin be on the ballot for the 2027 French presidential election?,1
2054251,will-carole-delga-be-on-the-ballot-for-the-2027-french-presidential-election,Will Carole Delga be on the ballot for the 2027 French presidential election?,1
2054252,will-bernard-cazeneuve-be-on-the-ballot-for-the-2027-french-presidential-election,Will Bernard Cazeneuve be on the ballot for the 2027 French presidential election?,1
2054253,will-manuel-bompard-be-on-the-ballot-for-the-2027-french-presidential-election,Will Manuel Bompard be on the ballot for the 2027 French presidential election?,1
2054254,will-mathilde-panot-be-on-the-ballot-for-the-2027-french-presidential-election,Will Mathilde Panot be on the ballot for the 2027 French presidential election?,1
2054255,will-sarah-knafo-be-on-the-ballot-for-the-2027-french-presidential-election,Will Sarah Knafo be on the ballot for the 2027 French presidential election?,1
2054256,will-sbastien-lecornu-be-on-the-ballot-for-the-2027-french-presidential-election,Will Sébastien Lecornu be on the ballot for the 2027 French presidential election?,1
2054257,will-jean-michel-fauvergue-be-on-the-ballot-for-the-2027-french-presidential-election,Will Jean-Michel Fauvergue be on the ballot for the 2027 French presidential election?,1
665504,cap-on-gambling-loss-deductions-repealed-before-2027,Cap on gambling loss deductions repealed before 2027?,1
601920,will-any-presidential-candidate-win-outright-in-the-first-round-of-the-brazil-election,Will any presidential candidate win outright in the first round of the Brazil election?,1
1542455,save-america-act-becomes-law-by-march-31-2026,"SAVE America Act becomes law by March 31, 2026?",1
1542456,save-america-act-becomes-law-by-june-30-2026,"SAVE America Act becomes law by June 30, 2026?",1
2370272,jd-vance-out-as-vp-by-june-30,JD Vance out as VP by June 30?,1
2370271,jd-vance-out-as-vp-by-june-15,JD Vance out as VP by June 15?,1
2370273,jd-vance-out-as-vp-by-december-31,JD Vance out as VP by December 31?,1
negrisk::101101,evt::aca-credits-extended-house-winner-2026,ACA credits extended & House Winner 2026?,5
negrisk::101106,evt::another-us-government-shutdown-house-winner-2026,Another US government shutdown & House Winner 2026?,5
negrisk::101229,evt::iowa-governor-democratic-primary-winner,Iowa Governor Democratic Primary Winner,30
negrisk::101245,evt::maine-governor-democratic-primary-winner,Maine Governor Democratic Primary Winner,34
negrisk::101766,evt::south-carolina-governor-republican-primary-winner-784,South Carolina Governor Republican Primary Winner,21
negrisk::101773,evt::south-dakota-governor-republican-primary-winner,South Dakota Governor Republican Primary Winner,20
negrisk::101799,evt::tennessee-governor-democratic-primary-winner,Tennessee Governor Democratic Primary Winner,20
negrisk::101813,evt::maryland-governor-republican-primary-winner,Maryland Governor Republican Primary Winner,34
negrisk::101822,evt::vermont-governor-democratic-primary-winner,Vermont Governor Democratic Primary Winner,18
negrisk::101830,evt::wisconsin-governor-republican-primary-winner,Wisconsin Governor Republican Primary Winner,24
negrisk::101856,evt::how-many-republican-governors-after-the-2026-midterm-elections,How many Republican Governors after the 2026 midterm elections?,7
negrisk::101865,evt::minnesota-governor-republican-primary-winner,Minnesota Governor Republican Primary Winner,36
negrisk::101980,evt::how-many-republican-senators-not-running-in-2026,How many Republican Senators not running in 2026?,9
negrisk::103166,evt::republican-house-seats-after-the-2026-midterm-elections,Republican House seats after the 2026 midterm elections?,10
negrisk::106049,evt::armenia-parliamentary-election-winner,Armenia Parliamentary Election Winner,36
negrisk::106193,evt::republican-senate-seats-after-the-2026-midterm-elections-927,Republican Senate seats after the 2026 midterm elections?,11
negrisk::106510,evt::peru-senate-election-winner,Peru Senate Election Winner,20
negrisk::106511,evt::peru-chamber-of-deputies-election-winner,Peru Chamber of Deputies Election Winner,20
negrisk::106520,evt::peru-presidential-election-winner,Peru Presidential Election Winner,49
negrisk::106954,evt::latvian-parliamentary-election-winner,Latvian Parliamentary Election Winner,36
negrisk::111063,evt::louisiana-republican-senate-primary-winner-889,Louisiana Republican Senate Primary Winner,38
negrisk::117770,evt::parties-advancing-from-the-california-governor-primary,Parties advancing from the California Governor primary?,4
negrisk::166435,evt::next-prime-minister-of-sweden,Next Prime Minister of Sweden,36
negrisk::166459,evt::next-prime-minister-of-slovenia,Next Prime Minister of Slovenia,31
negrisk::166780,evt::bulgaria-presidential-election,Bulgaria Presidential Election,40
negrisk::189700,evt::of-seats-won-by-pt-in-2026-thailand-legislative-election,# of seats won by PT in 2026 Thailand Legislative Election?,7
negrisk::190905,evt::ca-15-house-election-winner,CA-15 House Election Winner,8
negrisk::190906,evt::ca-16-house-election-winner,CA-16 House Election Winner,8
negrisk::190915,evt::ca-28-house-election-winner,CA-28 House Election Winner,8
negrisk::191399,evt::fl-01-house-election-winner,FL-01 House Election Winner,8
negrisk::191525,evt::ms-01-house-election-winner,MS-01 House Election Winner,8
negrisk::191595,evt::ok-03-house-election-winner,OK-03 House Election Winner,8
negrisk::191669,evt::va-06-house-election-winner,VA-06 House Election Winner,8
negrisk::191682,evt::wi-02-house-election-winner,WI-02 House Election Winner,8
negrisk::191690,evt::wv-02-house-election-winner,WV-02 House Election Winner,8
negrisk::199763,evt::next-uk-prime-minister-in-2026-122,Next UK Prime Minister in 2026?,61
negrisk::204539,evt::sachsen-anhalt-parliamentary-election-winner,Sachsen-Anhalt Parliamentary Election Winner,34
negrisk::204566,evt::mecklenburg-vorpommern-parliamentary-election-winner,Mecklenburg-Vorpommern Parliamentary Election Winner,24
negrisk::204972,evt::brazil-presidential-election-first-round-2nd-place,Brazil Presidential Election First Round: 2nd Place,32
negrisk::204973,evt::brazil-presidential-election-first-round-3rd-place,Brazil Presidential Election First Round: 3rd Place,32
negrisk::205029,evt::brazil-presidential-election-first-round-margin-of-victory,Brazil Presidential Election First Round: Margin of Victory,11
negrisk::205176,evt::next-brazil-senate-election-most-seats-won,Next Brazil Senate Election: Most Seats Won,39
negrisk::233322,evt::next-prime-minister-of-denmark-after-parliamentary-election,Next Prime Minister of Denmark?,33
negrisk::243734,evt::new-jersey-republican-senate-primary-winner,New Jersey Republican Senate Primary Winner,24
negrisk::246044,evt::texas-senate-republican-primary-runoff-margin-of-victory,Texas Senate Republican Primary Runoff Margin of Victory,9
negrisk::246152,evt::turnout-in-texas-senate-republican-primary-runoff,Turnout in Texas Senate Republican Primary Runoff,9
negrisk::289908,evt::next-senate-majority-leader-485,Next Senate Majority Leader?,64
negrisk::30829,evt::democratic-presidential-nominee-2028,Democratic Presidential Nominee 2028,128
negrisk::31552,evt::presidential-election-winner-2028,Presidential Election Winner 2028,128
negrisk::31875,evt::republican-presidential-nominee-2028,Republican Presidential Nominee 2028,128
negrisk::32224,evt::which-party-will-win-the-senate-in-2026,Which party will win the Senate in 2026?,9
negrisk::32225,evt::which-party-will-win-the-house-in-2026,Which party will win the House in 2026?,9
negrisk::32228,evt::balance-of-power-2026-midterms,Balance of Power: 2026 Midterms,5
negrisk::33228,evt::which-party-wins-2028-us-presidential-election,Which party wins 2028 US Presidential Election?,15
negrisk::334208,evt::vancouver-mayoral-election-winner,Vancouver Mayoral Election Winner,39
negrisk::336745,evt::who-will-trump-announce-as-next-ag,Who will Trump announce as next Attorney General by June 30?,35
negrisk::343919,evt::bc-conservative-party-leadership-election-winner,B.C. Conservative Party Leadership Election Winner,36
negrisk::34582,evt::colombia-presidential-election-1st-round-winner,Colombia Presidential Election 1st round winner?,23
negrisk::34584,evt::colombia-presidential-election,Colombia Presidential Election,28
negrisk::376092,evt::fl-06-republican-primary-winner,FL-06 Republican Primary Winner,18
negrisk::382767,evt::california-governor-primary-election-first-place,California Governor Primary Election: First Place,45
negrisk::386211,evt::president-of-andalusia-after-election,President of Andalusia after election?,32
negrisk::400879,evt::colombia-presidential-election-1st-round-2nd-place,Colombia Presidential Election 1st round: 2nd place,35
negrisk::432501,evt::malta-parliamentary-election-winner,Malta Parliamentary Election Winner,33
negrisk::432545,evt::next-prime-minister-of-malta,Next Prime Minister of Malta,33
negrisk::435390,evt::argentina-presidential-election-winner,Argentina Presidential Election Winner,64
negrisk::449048,evt::ohio-governor-republican-primary-margin-of-victory,Ohio Governor Republican Primary: Margin of Victory,7
negrisk::45017,evt::michigan-democratic-senate-primary-winner,Michigan Democratic Senate Primary Winner,20
negrisk::45018,evt::maine-democratic-senate-primary-winner,Maine Democratic Senate Primary Winner,29
negrisk::45021,evt::south-carolina-republican-senate-primary-winner,South Carolina Republican Senate Primary Winner,21
negrisk::452161,evt::next-prime-minister-of-romania-732,Next Prime Minister of Romania?,49
negrisk::45915,evt::brazil-presidential-election,Brazil Presidential Election,32
negrisk::481843,evt::colombia-election-who-will-advance-to-2nd-round,Colombia Election: Who will advance to 2nd round?,5
negrisk::482873,evt::la-mayoral-election-first-round-winner,LA Mayoral Election: First Round Winner?,31
negrisk::485538,evt::makerfield-by-election-winner,Makerfield by-election Winner,33
negrisk::498529,evt::ky-04-republican-primary-margin-of-victory,KY-04 Republican Primary: Margin of Victory,8
negrisk::514577,evt::texas-senate-republican-primary-runoff-margin-of-victory-larger-brackets,Texas Senate Republican Primary Runoff Margin of Victory (Larger Brackets),9
negrisk::57096,evt::california-governor-election-2026,California Governor Election Winner,45
negrisk::57111,evt::los-angeles-mayoral-election-117,Los Angeles Mayoral Election,15
negrisk::57176,evt::michigan-governor-winner-2026,Michigan Governor Election Winner,13
negrisk::57184,evt::new-york-governor-winner-2026,New York Governor Election Winner,13
negrisk::57185,evt::ohio-governor-winner-2026,Ohio Governor Election Winner,13
negrisk::57226,evt::wisconsin-governor-winner-2026,Wisconsin Governor Election Winner,13
negrisk::57647,evt::iowa-senate-election-winner,Iowa Senate Election Winner,13
negrisk::57650,evt::maine-senate-election-winner,Maine Senate Election Winner,13
negrisk::57658,evt::michigan-senate-election-winner,Michigan Senate Election Winner,13
negrisk::57660,evt::montana-senate-election-winner,Montana Senate Election Winner,13
negrisk::57672,evt::texas-senate-election-winner,Texas Senate Election Winner,13
negrisk::57682,evt::ohio-senate-election-winner,Ohio Senate Election Winner,13
negrisk::59204,evt::nebraska-senate-election-winner,Nebraska Senate Election Winner,13
negrisk::59233,evt::alaska-senate-election-winner,Alaska Senate Election Winner,29
negrisk::59234,evt::alaska-governor-election-winner,Alaska Governor Election Winner,40
negrisk::79987,evt::next-french-presidential-election,Next French Presidential Election,128
negrisk::80052,evt::georgia-republican-senate-primary-winner,Georgia Republican Senate Primary Winner,25
negrisk::80071,evt::alabama-republican-senate-primary-winner,Alabama Republican Senate Primary Winner,21
negrisk::86929,evt::who-will-be-the-democratic-nominee-for-ny-12,NY-12 Democratic Primary Winner,39
negrisk::89386,evt::who-will-place-first-in-the-primary-for-nancy-pelosis-congressional-seat-ca-11,Who will place first in the primary for Nancy Pelosi’s congressional seat (CA-11)?,22
negrisk::90292,evt::who-will-win-the-2026-democratic-dc-mayoral-primary,Who will win the 2026 Democratic D.C. Mayoral Primary?,28
negrisk::90302,evt::ny-07-democratic-primary-winner,NY-07 Democratic Primary Winner,25
negrisk::90415,evt::az-01-republican-primary-winner,AZ-01 Republican Primary Winner,24
negrisk::90434,evt::republican-nominee-for-florida-governor,Florida Governor Republican Primary Winner,23
negrisk::91205,evt::kansas-democratic-senate-primary-winner,Kansas Democratic Senate Primary Winner,20
negrisk::91333,evt::virginia-republican-senate-primary-winner,Virginia Republican Senate Primary Winner,18
negrisk::95203,evt::quebec-general-election-winner,Quebec General Election Winner,33
negrisk::95248,evt::berlin-state-election-winner,Berlin State Election Winner,24
negrisk::95902,evt::minnesota-republican-senate-primary-winner,Minnesota Republican Senate Primary Winner,19
negrisk::95921,evt::florida-democratic-senate-primary-winner,Florida Democratic Senate Primary Winner,20
negrisk::95933,evt::central-african-republic-national-assembly-election-winner,Central African Republic National Assembly Election Winner,34
negrisk::96640,evt::sweden-parliamentary-election-winner,Sweden Parliamentary Election Winner,36
negrisk::97315,evt::arizona-governor-republican-primary-winner,Arizona Governor Republican Primary Winner,30
negrisk::97450,evt::new-mexico-governor-republican-primary-winner,New Mexico Governor Republican Primary Winner,25
negrisk::97465,evt::new-york-governor-republican-primary-winner,New York Governor Republican Primary Winner,21
negrisk::97497,evt::oklahoma-governor-republican-primary-winner,Oklahoma Governor Republican Primary Winner,24
negrisk::97520,evt::colorado-governor-democratic-primary-winner,Colorado Governor Democratic Primary Winner,31
negrisk::97534,evt::colorado-governor-republican-primary-winner,Colorado Governor Republican Primary Winner,42
negrisk::98211,evt::georgia-governor-republican-primary-winner,Georgia Governor Republican Primary Winner,34
